"Lambda.z","MUE.Stat"
"mw",0.0242354725548368,1.49397787075041
"ew",0.0328694467508734,1.52565028522552
"qlr",0.0441759921235612,9.88268573158563
