"Lambda.g","MUE.Stat"
"mw",0.0403912941724287,2.88388339617131
"ew",0.035383700714987,1.67909238494094
"qlr",0.0308611281121591,6.57721414113644
