"Lambda.z","MUE.Stat"
"mw",0.00903198069612559,0.833493415855699
"ew",0.0163136506595242,0.801253556681871
"qlr",0.032111237878206,8.51303878161966
