"Lambda.g","MUE.Stat"
"mw",0.0572804881645714,7.10084174075916
"ew",0.0513108524712996,4.96906020104335
"qlr",0.050235884418984,14.9931834688993
