"Lambda.z","MUE.Stat"
"mw",0.0176004698440465,1.2951769315116
"ew",0.0193074269969575,0.984617539815361
"qlr",0.0224839515628022,5.99306908083957
