"Lambda.g","MUE.Stat"
"mw",0.0206213027946139,1.57071045038024
"ew",0.0237426447293868,1.28949262551302
"qlr",0.0264715589283888,6.89045063267377
