"Lambda.z","MUE.Stat"
"mw",0.0318547128037117,2.74773914517808
"ew",0.0354149081766635,2.55364467297938
"qlr",0.0442510098683241,12.3981505794581
