"Lambda.g","MUE.Stat"
"mw",0.0639646650842648,8.70784989512495
"ew",0.0535600744632313,5.37024268163425
"qlr",0.0489080476066094,14.2589494643127
